project_id,project_name,start_date,end_date
1,Project_1,2024-05-13,2024-06-30
2,Project_2,2024-05-29,2024-08-29
3,Project_3,2024-03-29,2024-09-15
4,Project_4,2024-03-18,2024-10-06
5,Project_5,2024-02-09,2024-09-24
6,Project_6,2024-02-25,2024-06-05
7,Project_7,2024-02-20,2024-06-02
8,Project_8,2024-03-05,2024-06-28
9,Project_9,2024-05-20,2024-12-30
10,Project_10,2024-03-28,2024-09-26
11,Project_11,2024-05-29,2024-07-07
12,Project_12,2024-03-23,2024-09-19
13,Project_13,2024-05-21,2024-07-19
14,Project_14,2024-03-23,2024-11-29
15,Project_15,2024-02-24,2024-07-19
16,Project_16,2024-05-12,2024-12-03
17,Project_17,2024-04-10,2024-10-27
18,Project_18,2024-04-27,2024-10-16
19,Project_19,2024-05-19,2024-09-04
20,Project_20,2024-03-26,2024-10-10
21,Project_21,2024-03-20,2024-10-10
22,Project_22,2024-05-12,2024-11-20
23,Project_23,2024-03-24,2024-12-13
24,Project_24,2024-03-01,2024-12-28
25,Project_25,2024-03-17,2024-06-02
26,Project_26,2024-04-20,2024-10-05
27,Project_27,2024-02-06,2024-09-05
28,Project_28,2024-02-12,2024-07-07
29,Project_29,2024-01-12,2024-08-27
30,Project_30,2024-02-02,2024-06-27
31,Project_31,2024-05-11,2024-08-07
32,Project_32,2024-04-04,2024-11-23
33,Project_33,2024-02-15,2024-06-28
34,Project_34,2024-04-28,2024-07-09
35,Project_35,2024-04-11,2024-12-25
36,Project_36,2024-02-24,2024-09-04
37,Project_37,2024-04-19,2024-12-31
38,Project_38,2024-02-27,2024-11-13
39,Project_39,2024-01-02,2024-06-14
40,Project_40,2024-01-10,2024-12-25
41,Project_41,2024-01-03,2024-08-27
42,Project_42,2024-05-14,2024-10-15
43,Project_43,2024-04-21,2024-08-02
44,Project_44,2024-02-03,2024-12-15
45,Project_45,2024-03-02,2024-11-18
46,Project_46,2024-04-19,2024-06-17
47,Project_47,2024-01-11,2024-11-05
48,Project_48,2024-04-12,2024-10-27
49,Project_49,2024-01-21,2024-08-23
50,Project_50,2024-03-29,2024-12-09
